"title, company, location, link"
Python Developer Intern,OXO Solutions,,https://www.indeed.com/viewjob?jk=84a541c104b5b24c
Jr Python Developer,Ace-stack LLC,,https://www.indeed.com/viewjob?jk=fe9938779161d76b
Python Developer,Ancomarel,,https://www.indeed.com/viewjob?jk=b721d535be66cd6c
Junior Python Coder,Social Commerce Ventures,,https://www.indeed.com/viewjob?jk=9274e2f2d776e4b4
Python Developer,Akra Tech,,https://www.indeed.com/viewjob?jk=b4746b42ba857a6b
"Analyst Fellow, Baseball Analytics","
The Baltimore Orioles",,https://www.indeed.com/viewjob?jk=2baedace9a5690e9
Data Scientist (Python),"
Applied Memetics LLC",,https://www.indeed.com/viewjob?jk=0f16c57e35f21a63
Entry Level Data Scientist,"
IBM",,https://www.indeed.com/viewjob?jk=267e7cf7de2959c7
Researcher,Blue Owl,,https://www.indeed.com/viewjob?jk=a43525452007febf
Data Scientist - Entry Level,Numerdox,,https://www.indeed.com/viewjob?jk=21091c4562d65586
PYTHON ENGINEER,Choose Energy,,https://www.indeed.com/viewjob?jk=4c6fba1eb7580c2c
Research Scientist,"
LOCKHEED MARTIN CORPORATION",,https://www.indeed.com/viewjob?jk=c933f49164b051f9
Content Creator,LeetCode,,https://www.indeed.com/viewjob?jk=e94af63cb41ad9b5
Internship Opportunities for Students: Cybersecurity,"
Microsoft",,https://www.indeed.com/viewjob?jk=83ed3187d043e136
Programmatic Analyst,Xandr,,https://www.indeed.com/viewjob?jk=525c593331e2a4c1
Python Developer,"
Box",,https://www.indeed.com/viewjob?jk=2b6fd80dc7ded43e
Ethical Hacker,"
Paylocity",,https://www.indeed.com/viewjob?jk=437676ae26e5eb27
Research Associate,Harding Loevner LP,,https://www.indeed.com/viewjob?jk=5667ac34fc1ab4be
Software Development Intern,"
NAVIS",,https://www.indeed.com/viewjob?jk=41119bb41b9290d2
AI Resident,"
Facebook",,https://www.indeed.com/viewjob?jk=0501ccf8a9eab600
